,start,end
0,1238205077,1238215138
1,1238400368,1238411457
2,1238546548,1238555458
3,1238561176,1238591453
4,1238612625,1238619971
5,1238645908,1238672696
6,1238677592,1238687593
7,1238731472,1238758200
8,1238758280,1238768106
9,1238805513,1238819097
10,1238819847,1238833572
11,1238834634,1238853959
12,1238918966,1238930388
13,1238996844,1239007185
14,1239060175,1239069067
15,1239069672,1239082248
16,1239087144,1239103224
17,1239153852,1239168598
18,1239168627,1239189033
19,1239201475,1239208789
20,1239213619,1239221060
21,1239449416,1239458458
22,1239672094,1239685811
23,1239795022,1239806983
24,1240266411,1240275364
25,1240285237,1240303055
26,1240305829,1240327319
27,1240360864,1240371196
28,1240374893,1240398776
29,1240398856,1240425606
30,1240554257,1240587608
31,1240594566,1240606744
32,1240624416,1240654368
33,1240658946,1240668048
34,1240704124,1240712022
35,1240712035,1240735658
36,1240750853,1240763399
37,1240764595,1240772395
38,1240797030,1240814239
39,1240821143,1240832474
40,1240872265,1240906316
41,1240919432,1240936986
42,1240944877,1240961207
43,1240961313,1241000554
44,1241093496,1241123806
45,1241123882,1241173819
46,1241204835,1241214065
47,1241243173,1241272614
48,1241302064,1241309940
49,1241310401,1241334200
50,1241417186,1241454575
51,1241508299,1241525419
52,1241546152,1241569516
53,1241569759,1241594331
54,1241597289,1241616516
55,1241619262,1241633720
56,1241651790,1241679953
57,1241689644,1241719638
58,1241739106,1241758863
59,1241758890,1241808773
60,1241833954,1241852060
61,1241857376,1241867684
62,1241939956,1241959890
63,1242071794,1242080579
64,1242107494,1242117908
65,1242124680,1242150916
66,1242189936,1242220003
67,1242242537,1242255601
68,1242258122,1242266936
69,1242279531,1242300412
70,1242326536,1242345884
71,1242346161,1242389434
72,1242401394,1242421315
73,1242442982,1242451076
74,1242451141,1242459843
75,1242459872,1242482429
76,1242522327,1242533010
77,1242535516,1242558460
78,1242558506,1242567101
79,1242567217,1242576108
80,1242576179,1242590383
81,1242610603,1242624758
82,1242645739,1242655360
83,1242692672,1242773526
84,1242773677,1242782941
85,1242787561,1242857468
86,1242857540,1242867872
87,1242877872,1242892125
88,1242966830,1242984059
89,1242997805,1243018024
90,1243053828,1243066754
91,1243078770,1243086986
92,1243117125,1243158568
93,1243162956,1243178592
94,1243217565,1243242464
95,1243254523,1243266719
96,1243281488,1243318492
97,1243330888,1243339331
98,1243345012,1243361063
99,1243393030,1243449730
100,1243449741,1243509536
101,1243518145,1243533571
102,1243541014,1243551677
103,1243560610,1243575418
104,1243586469,1243627223
105,1243630285,1243642012
106,1243645650,1243659040
107,1243673479,1243692120
108,1243736093,1243754492
109,1243754588,1243779068
110,1243779090,1243786886
111,1243823546,1243831316
112,1243831494,1243840299
113,1243888254,1243896496
114,1243915837,1243939255
115,1243947945,1243961161
116,1243964965,1243975897
117,1243993765,1244052888
118,1244056996,1244064949
119,1244067109,1244076199
120,1244082986,1244098419
121,1244106430,1244208885
122,1244259779,1244295511
123,1244331130,1244349579
124,1244349588,1244367162
125,1244367288,1244380883
126,1244421366,1244449522
127,1244471454,1244480009
128,1244486004,1244498942
129,1244499334,1244507113
130,1244522898,1244535200
131,1244543819,1244557083
132,1244593951,1244605921
133,1244608795,1244641097
134,1244646462,1244654705
135,1244654715,1244667053
136,1244704480,1244724664
137,1244772092,1244782326
138,1244839875,1244856440
139,1244866703,1244893893
140,1244936272,1244949885
141,1244986313,1244994393
142,1245047190,1245055999
143,1245075223,1245085589
144,1245091570,1245105416
145,1245130318,1245140785
146,1245191877,1245200576
147,1245200586,1245228465
148,1245256976,1245278946
149,1245308619,1245329033
150,1245332582,1245342364
151,1245342373,1245365402
152,1245451429,1245464806
153,1245464815,1245473178
154,1245475577,1245485869
155,1245569309,1245579583
156,1245579592,1245605968
157,1245653511,1245663102
158,1245742090,1245758585
159,1245761268,1245774000
160,1245781152,1245789609
161,1245828293,1245843452
162,1245853320,1245892604
163,1245892667,1245901695
164,1245910462,1245948357
165,1245967232,1246040111
166,1246048419,1246057893
167,1246084506,1246111409
168,1246170217,1246200892
169,1246209961,1246224612
170,1246239228,1246249988
171,1246261454,1246282698
172,1246286035,1246295826
173,1246328016,1246360445
174,1246378432,1246418567
175,1246453148,1246487205
176,1246487234,1246509536
177,1246509724,1246527210
178,1246527239,1246545910
179,1246561826,1246588981
180,1246591138,1246631083
181,1246631092,1246646473
182,1246681818,1246703633
183,1246757180,1246779832
184,1246780061,1246808375
185,1246841314,1246859250
186,1246865565,1246889111
187,1247260178,1247285050
188,1247296003,1247320811
189,1247359793,1247372941
190,1247388908,1247401149
191,1247401589,1247411036
192,1247442444,1247459720
193,1247460978,1247469541
194,1247470158,1247482062
195,1247517902,1247525921
196,1247555609,1247583297
197,1247583307,1247594129
198,1247639142,1247649436
199,1247664213,1247689308
200,1247694238,1247736937
201,1247741180,1247749606
202,1247750009,1247758308
203,1247773736,1247789513
204,1247810072,1247837752
205,1247874995,1247895463
206,1248112051,1248121384
207,1248132105,1248166469
208,1248174787,1248189250
209,1248200542,1248218040
210,1248227246,1248242618
211,1248242646,1248254593
212,1248257816,1248283359
213,1248283368,1248293656
214,1248301521,1248311216
215,1248331543,1248347141
216,1248361429,1248375557
217,1248381203,1248428210
218,1248435939,1248455987
219,1248476855,1248500416
220,1248511438,1248529574
221,1248593325,1248617380
222,1248683713,1248715841
223,1248743587,1248765223
224,1248798693,1248813249
225,1248813258,1248828692
226,1248834454,1248866117
227,1248959459,1248979945
228,1248991663,1249000161
229,1249000658,1249073899
230,1249093446,1249101022
231,1249126630,1249134613
232,1249163431,1249176529
233,1249196261,1249207187
234,1249216161,1249228714
235,1249276049,1249290502
236,1249323317,1249333197
237,1249345682,1249359518
238,1249367294,1249377966
239,1249378088,1249399126
240,1249399139,1249406606
241,1249416034,1249423770
242,1249428701,1249451203
243,1249467944,1249492689
244,1249497203,1249529437
245,1249557842,1249568711
246,1249584314,1249600829
247,1249615368,1249629688
248,1249629768,1249660291
249,1249663752,1249677948
250,1249689290,1249710323
251,1249716729,1249739708
252,1249781664,1249833699
253,1249871829,1249881714
254,1250031076,1250039092
255,1250041152,1250058776
256,1250058904,1250104823
257,1250108107,1250117858
258,1250117932,1250125349
259,1250136805,1250146684
260,1250152309,1250175760
261,1250196966,1250219083
262,1250228595,1250242086
263,1250242200,1250264370
264,1250302734,1250344547
265,1250397388,1250407419
266,1250430837,1250438593
267,1250473133,1250506294
268,1250506415,1250523662
269,1250553015,1250615039
270,1250617985,1250628511
271,1250643575,1250656426
272,1250656435,1250665611
273,1250675600,1250703002
274,1250709596,1250733116
275,1250746105,1250781836
276,1250799366,1250818552
277,1250821662,1250844225
278,1250848841,1250859958
279,1250866922,1250878864
280,1250916949,1250949119
281,1250997653,1251009249
282,1251010542,1251018666
283,1251043190,1251052572
284,1251168975,1251176413
285,1251176536,1251213308
286,1251213336,1251225596
287,1251227166,1251242022
288,1251242198,1251261330
289,1251261339,1251272508
290,1251292071,1251324380
291,1251325131,1251332570
292,1251332604,1251349197
293,1251353035,1251375255
294,1251420609,1251429554
295,1251454669,1251465027
296,1251523468,1251532164
297,1251591106,1251635324
298,1251646225,1251662266
299,1251678305,1251697505
300,1251702841,1251721284
301,1251780259,1251804556
302,1251820434,1251842468
303,1251847253,1251858770
304,1251862303,1251880309
305,1251882844,1251898733
306,1251898742,1251907874
307,1251919287,1251963176
308,1251972719,1252006901
309,1252017052,1252036604
310,1252048108,1252057084
311,1252057165,1252064513
312,1252064542,1252081932
313,1252099084,1252106934
314,1252116451,1252125557
315,1252193648,1252211568
316,1252258724,1252266335
317,1252281107,1252289432
318,1252301688,1252315585
319,1252336499,1252346679
320,1252353545,1252369979
321,1252376932,1252391405
322,1252396664,1252411949
323,1252457910,1252483932
324,1252506810,1252520781
325,1252520874,1252540385
326,1252541512,1252556450
327,1252565502,1252603387
328,1252627055,1252651562
329,1252669875,1252694112
330,1252694121,1252702815
331,1252710728,1252720636
332,1252720941,1252733846
333,1252741902,1252763543
334,1252789242,1252800184
335,1252808733,1252816061
336,1252849698,1252857874
337,1252898306,1252969607
338,1252973908,1253035211
339,1253053971,1253074786
340,1253085514,1253108616
341,1253156172,1253187695
342,1253198930,1253260317
343,1253265616,1253272996
344,1253281996,1253290817
345,1253303963,1253316635
346,1253344018,1253365926
347,1253421244,1253453328
348,1253508098,1253542864
349,1253581864,1253592716
350,1253598468,1253623833
351,1253631717,1253645932
352,1253659268,1253675844
353,1253680773,1253714968
354,1253717896,1253731952
355,1253741480,1253752008
356,1253765976,1253799272
357,1253853775,1253865605
358,1253876687,1253885745
359,1253892348,1253902728
360,1253909164,1253940356
361,1253948382,1253966055
